Workbook

Sheet Resumen
A1: SEGUIMIENTO DE SEÑALES XAU/USD — Cuenta demo
A2: Herramienta de análisis, no asesoramiento financiero. Rellena solo la hoja «Operaciones».
A4: MÉTRICA | B4: VALOR
A5: Operaciones cerradas | B5: =COUNT(Operaciones!I2:I501)
A6: Ganadas | B6: =COUNTIF(Operaciones!H2:H501,"Ganada")
A7: Perdidas | B7: =COUNTIF(Operaciones!H2:H501,"Perdida")
A8: Break-even (BE) | B8: =COUNTIF(Operaciones!H2:H501,"BE")
A9: En curso (abiertas) | B9: =COUNTIF(Operaciones!H2:H501,"En curso")
A10: % de ACIERTO | B10: =IFERROR(B6/(B6+B7),0)
A11: Profit Factor | B11: =IFERROR(SUMIF(Operaciones!I2:I501,">0")/-SUMIF(Operaciones!I2:I501,"<0"),0)
A12: Expectancy (R media) | B12: =IFERROR(SUM(Operaciones!I2:I501)/COUNT(Operaciones!I2:I501),0)
A13: Resultado total (R) | B13: =SUM(Operaciones!I2:I501)
A14: Racha ganadora máx | B14: =MAX(Operaciones!L2:L501)
A15: Racha perdedora máx | B15: =MAX(Operaciones!M2:M501)
A17: Cómo usarla: por cada señal del email, apunta una fila en «Operaciones». Cuando cierre, marca «Ganada/Perdida/BE» y escribe el R obtenido (+1.7 si llegó a todos los TP, +0.5 si salió en break-even, -1 si saltó el stop).

Sheet Operaciones
A1: Nº | B1: Fecha | C1: Dirección | D1: Entrada | E1: Stop Loss | F1: TP objetivo | G1: Confianza % | H1: Resultado | I1: R obtenido | J1: Notas | L1: _gan | M1: _per
A2: =IF(B2="","",ROW()-1) | B2: 2026-07-14 | C2: Compra | D2: 4025.8 | E2: 4015.02 | F2: 4047.37 | G2: 67 | H2: Ganada | I2: 1.7 | J2: Ejemplo — puedes borrar esta fila | L2: =IF(H2="Ganada",N(L1)+1,0) | M2: =IF(H2="Perdida",N(M1)+1,0)
A3: =IF(B3="","",ROW()-1) | L3: =IF(H3="Ganada",N(L2)+1,0) | M3: =IF(H3="Perdida",N(M2)+1,0)
A4: =IF(B4="","",ROW()-1) | L4: =IF(H4="Ganada",N(L3)+1,0) | M4: =IF(H4="Perdida",N(M3)+1,0)
A5: =IF(B5="","",ROW()-1) | L5: =IF(H5="Ganada",N(L4)+1,0) | M5: =IF(H5="Perdida",N(M4)+1,0)
A6: =IF(B6="","",ROW()-1) | L6: =IF(H6="Ganada",N(L5)+1,0) | M6: =IF(H6="Perdida",N(M5)+1,0)
A7: =IF(B7="","",ROW()-1) | L7: =IF(H7="Ganada",N(L6)+1,0) | M7: =IF(H7="Perdida",N(M6)+1,0)
A8: =IF(B8="","",ROW()-1) | L8: =IF(H8="Ganada",N(L7)+1,0) | M8: =IF(H8="Perdida",N(M7)+1,0)
A9: =IF(B9="","",ROW()-1) | L9: =IF(H9="Ganada",N(L8)+1,0) | M9: =IF(H9="Perdida",N(M8)+1,0)
A10: =IF(B10="","",ROW()-1) | L10: =IF(H10="Ganada",N(L9)+1,0) | M10: =IF(H10="Perdida",N(M9)+1,0)
A11: =IF(B11="","",ROW()-1) | L11: =IF(H11="Ganada",N(L10)+1,0) | M11: =IF(H11="Perdida",N(M10)+1,0)
A12: =IF(B12="","",ROW()-1) | L12: =IF(H12="Ganada",N(L11)+1,0) | M12: =IF(H12="Perdida",N(M11)+1,0)
A13: =IF(B13="","",ROW()-1) | L13: =IF(H13="Ganada",N(L12)+1,0) | M13: =IF(H13="Perdida",N(M12)+1,0)
A14: =IF(B14="","",ROW()-1) | L14: =IF(H14="Ganada",N(L13)+1,0) | M14: =IF(H14="Perdida",N(M13)+1,0)
... A501: =IF(B501="","",ROW()-1) | L501: =IF(H501="Ganada",N(L500)+1,0) | M501: =IF(H501="Perdida",N(M500)+1,0)
